customer_id,name,email,zip_code,created_at
1,Customer1,customer1@example.com,10001,2023-03-06
2,Customer2,customer2@example.com,10002,2022-04-18
3,Customer3,customer3@example.com,10003,2023-09-12
4,Customer4,customer4@example.com,10004,2022-05-13
5,Customer5,customer5@example.com,10005,2024-02-03
6,Customer6,customer6@example.com,10006,2022-11-22
7,Customer7,customer7@example.com,10007,2023-09-11
8,Customer8,customer8@example.com,10008,2023-08-27
9,Customer9,customer9@example.com,10009,2024-03-20
10,Customer10,customer10@example.com,10010,2023-08-29
11,Customer11,customer11@example.com,10011,2023-04-01
12,Customer12,customer12@example.com,10012,2023-05-25
13,Customer13,customer13@example.com,10013,2022-10-06
14,Customer14,customer14@example.com,10014,2022-11-03
15,Customer15,customer15@example.com,10015,2022-02-28
16,Customer16,customer16@example.com,10016,2022-03-16
17,Customer17,customer17@example.com,10017,2022-02-25
18,Customer18,customer18@example.com,10018,2022-03-31
19,Customer19,customer19@example.com,10019,2023-05-03
20,Customer20,customer20@example.com,10020,2022-07-20
21,Customer21,customer21@example.com,10021,2024-02-25
22,Customer22,customer22@example.com,10022,2022-08-19
23,Customer23,customer23@example.com,10023,2022-05-02
24,Customer24,customer24@example.com,10024,2023-06-22
25,Customer25,customer25@example.com,10025,2024-04-27
26,Customer26,customer26@example.com,10026,2023-12-14
27,Customer27,customer27@example.com,10027,2024-05-29
28,Customer28,customer28@example.com,10028,2023-12-13
29,Customer29,customer29@example.com,10029,2024-06-14
30,Customer30,customer30@example.com,10030,2023-10-26
31,Customer31,customer31@example.com,10031,2023-08-08
32,Customer32,customer32@example.com,10032,2023-09-01
33,Customer33,customer33@example.com,10033,2022-12-08
34,Customer34,customer34@example.com,10034,2023-05-29
35,Customer35,customer35@example.com,10035,2023-05-31
36,Customer36,customer36@example.com,10036,2022-05-13
37,Customer37,customer37@example.com,10037,2024-03-08
38,Customer38,customer38@example.com,10038,2024-01-15
39,Customer39,customer39@example.com,10039,2024-04-13
40,Customer40,customer40@example.com,10040,2023-05-20
41,Customer41,customer41@example.com,10041,2023-06-02
42,Customer42,customer42@example.com,10042,2024-05-29
43,Customer43,customer43@example.com,10043,2024-02-08
44,Customer44,customer44@example.com,10044,2023-06-18
45,Customer45,customer45@example.com,10045,2022-08-02
46,Customer46,customer46@example.com,10046,2023-11-08
47,Customer47,customer47@example.com,10047,2024-05-04
48,Customer48,customer48@example.com,10048,2023-12-18
49,Customer49,customer49@example.com,10049,2023-11-24
50,Customer50,customer50@example.com,10050,2024-06-18
51,Customer51,customer51@example.com,10051,2023-10-20
52,Customer52,customer52@example.com,10052,2023-02-18
53,Customer53,customer53@example.com,10053,2024-05-26
54,Customer54,customer54@example.com,10054,2023-10-21
55,Customer55,customer55@example.com,10055,2022-06-13
56,Customer56,customer56@example.com,10056,2022-07-16
57,Customer57,customer57@example.com,10057,2023-04-02
58,Customer58,customer58@example.com,10058,2022-01-31
59,Customer59,customer59@example.com,10059,2023-06-13
60,Customer60,customer60@example.com,10060,2024-05-31
61,Customer61,customer61@example.com,10061,2023-02-11
62,Customer62,customer62@example.com,10062,2024-01-07
63,Customer63,customer63@example.com,10063,2023-12-02
64,Customer64,customer64@example.com,10064,2023-12-09
65,Customer65,customer65@example.com,10065,2023-03-01
66,Customer66,customer66@example.com,10066,2023-12-09
67,Customer67,customer67@example.com,10067,2023-01-06
68,Customer68,customer68@example.com,10068,2023-04-14
69,Customer69,customer69@example.com,10069,2023-01-02
70,Customer70,customer70@example.com,10070,2023-08-26
71,Customer71,customer71@example.com,10071,2022-11-09
72,Customer72,customer72@example.com,10072,2023-12-28
73,Customer73,customer73@example.com,10073,2023-07-15
74,Customer74,customer74@example.com,10074,2022-08-01
75,Customer75,customer75@example.com,10075,2023-08-06
76,Customer76,customer76@example.com,10076,2023-11-26
77,Customer77,customer77@example.com,10077,2024-06-02
78,Customer78,customer78@example.com,10078,2023-08-03
79,Customer79,customer79@example.com,10079,2022-09-28
80,Customer80,customer80@example.com,10080,2022-05-30
81,Customer81,customer81@example.com,10081,2023-07-17
82,Customer82,customer82@example.com,10082,2022-01-29
83,Customer83,customer83@example.com,10083,2023-10-14
84,Customer84,customer84@example.com,10084,2022-07-01
85,Customer85,customer85@example.com,10085,2022-04-07
86,Customer86,customer86@example.com,10086,2023-05-03
87,Customer87,customer87@example.com,10087,2022-03-21
88,Customer88,customer88@example.com,10088,2023-04-28
89,Customer89,customer89@example.com,10089,2022-03-20
90,Customer90,customer90@example.com,10090,2023-10-11
91,Customer91,customer91@example.com,10091,2024-03-28
92,Customer92,customer92@example.com,10092,2022-01-11
93,Customer93,customer93@example.com,10093,2022-10-13
94,Customer94,customer94@example.com,10094,2023-03-19
95,Customer95,customer95@example.com,10095,2022-08-23
96,Customer96,customer96@example.com,10096,2022-02-05
97,Customer97,customer97@example.com,10097,2023-01-06
98,Customer98,customer98@example.com,10098,2022-04-08
99,Customer99,customer99@example.com,10099,2022-12-24
100,Customer100,customer100@example.com,10000,2023-02-22
101,Customer101,customer101@example.com,10001,2024-05-29
102,Customer102,customer102@example.com,10002,2023-03-30
103,Customer103,customer103@example.com,10003,2023-02-28
104,Customer104,customer104@example.com,10004,2023-05-31
105,Customer105,customer105@example.com,10005,2023-03-18
106,Customer106,customer106@example.com,10006,2024-03-08
107,Customer107,customer107@example.com,10007,2022-12-19
108,Customer108,customer108@example.com,10008,2023-06-04
109,Customer109,customer109@example.com,10009,2022-01-23
110,Customer110,customer110@example.com,10010,2024-02-07
111,Customer111,customer111@example.com,10011,2022-06-02
112,Customer112,customer112@example.com,10012,2022-10-30
113,Customer113,customer113@example.com,10013,2022-05-24
114,Customer114,customer114@example.com,10014,2022-08-21
115,Customer115,customer115@example.com,10015,2022-02-27
116,Customer116,customer116@example.com,10016,2022-04-07
117,Customer117,customer117@example.com,10017,2024-02-24
118,Customer118,customer118@example.com,10018,2023-12-30
119,Customer119,customer119@example.com,10019,2022-08-24
120,Customer120,customer120@example.com,10020,2022-08-26
121,Customer121,customer121@example.com,10021,2023-07-16
122,Customer122,customer122@example.com,10022,2023-11-11
123,Customer123,customer123@example.com,10023,2023-03-15
124,Customer124,customer124@example.com,10024,2022-07-11
125,Customer125,customer125@example.com,10025,2023-03-25
126,Customer126,customer126@example.com,10026,2023-10-26
127,Customer127,customer127@example.com,10027,2023-08-23
128,Customer128,customer128@example.com,10028,2024-02-13
129,Customer129,customer129@example.com,10029,2024-02-15
130,Customer130,customer130@example.com,10030,2022-01-08
131,Customer131,customer131@example.com,10031,2023-09-20
132,Customer132,customer132@example.com,10032,2024-05-26
133,Customer133,customer133@example.com,10033,2022-12-07
134,Customer134,customer134@example.com,10034,2024-03-29
135,Customer135,customer135@example.com,10035,2024-03-20
136,Customer136,customer136@example.com,10036,2024-05-27
137,Customer137,customer137@example.com,10037,2023-10-21
138,Customer138,customer138@example.com,10038,2024-04-18
139,Customer139,customer139@example.com,10039,2024-04-03
140,Customer140,customer140@example.com,10040,2023-12-05
141,Customer141,customer141@example.com,10041,2023-07-22
142,Customer142,customer142@example.com,10042,2023-04-26
143,Customer143,customer143@example.com,10043,2023-04-01
144,Customer144,customer144@example.com,10044,2023-06-30
145,Customer145,customer145@example.com,10045,2022-12-21
146,Customer146,customer146@example.com,10046,2024-05-25
147,Customer147,customer147@example.com,10047,2022-02-19
148,Customer148,customer148@example.com,10048,2022-03-23
149,Customer149,customer149@example.com,10049,2023-02-10
150,Customer150,customer150@example.com,10050,2024-02-25
151,Customer151,customer151@example.com,10051,2023-07-03
152,Customer152,customer152@example.com,10052,2023-05-23
153,Customer153,customer153@example.com,10053,2023-11-02
154,Customer154,customer154@example.com,10054,2023-08-01
155,Customer155,customer155@example.com,10055,2024-05-11
156,Customer156,customer156@example.com,10056,2022-06-22
157,Customer157,customer157@example.com,10057,2022-10-27
158,Customer158,customer158@example.com,10058,2024-04-06
159,Customer159,customer159@example.com,10059,2023-09-06
160,Customer160,customer160@example.com,10060,2022-06-18
161,Customer161,customer161@example.com,10061,2022-06-15
162,Customer162,customer162@example.com,10062,2023-02-25
163,Customer163,customer163@example.com,10063,2022-02-23
164,Customer164,customer164@example.com,10064,2023-02-10
165,Customer165,customer165@example.com,10065,2022-03-12
166,Customer166,customer166@example.com,10066,2022-06-08
167,Customer167,customer167@example.com,10067,2023-08-04
168,Customer168,customer168@example.com,10068,2023-02-21
169,Customer169,customer169@example.com,10069,2023-09-19
170,Customer170,customer170@example.com,10070,2024-01-29
171,Customer171,customer171@example.com,10071,2022-06-05
172,Customer172,customer172@example.com,10072,2022-10-22
173,Customer173,customer173@example.com,10073,2023-09-18
174,Customer174,customer174@example.com,10074,2024-02-05
175,Customer175,customer175@example.com,10075,2022-12-19
176,Customer176,customer176@example.com,10076,2024-05-15
177,Customer177,customer177@example.com,10077,2023-07-29
178,Customer178,customer178@example.com,10078,2022-03-11
179,Customer179,customer179@example.com,10079,2024-02-28
180,Customer180,customer180@example.com,10080,2023-06-29
181,Customer181,customer181@example.com,10081,2023-03-07
182,Customer182,customer182@example.com,10082,2022-09-26
183,Customer183,customer183@example.com,10083,2023-03-26
184,Customer184,customer184@example.com,10084,2023-10-08
185,Customer185,customer185@example.com,10085,2022-02-18
186,Customer186,customer186@example.com,10086,2023-11-22
187,Customer187,customer187@example.com,10087,2022-06-25
188,Customer188,customer188@example.com,10088,2022-02-03
189,Customer189,customer189@example.com,10089,2023-05-21
190,Customer190,customer190@example.com,10090,2024-01-01
191,Customer191,customer191@example.com,10091,2023-11-09
192,Customer192,customer192@example.com,10092,2024-01-13
193,Customer193,customer193@example.com,10093,2023-03-18
194,Customer194,customer194@example.com,10094,2023-02-17
195,Customer195,customer195@example.com,10095,2024-04-14
196,Customer196,customer196@example.com,10096,2022-12-09
197,Customer197,customer197@example.com,10097,2024-04-15
198,Customer198,customer198@example.com,10098,2022-09-03
199,Customer199,customer199@example.com,10099,2022-06-12
200,Customer200,customer200@example.com,10000,2022-01-18
201,Customer201,customer201@example.com,10001,2023-11-27
202,Customer202,customer202@example.com,10002,2022-03-24
203,Customer203,customer203@example.com,10003,2024-04-27
204,Customer204,customer204@example.com,10004,2022-05-30
205,Customer205,customer205@example.com,10005,2022-02-05
206,Customer206,customer206@example.com,10006,2023-11-18
207,Customer207,customer207@example.com,10007,2022-03-30
208,Customer208,customer208@example.com,10008,2022-09-08
209,Customer209,customer209@example.com,10009,2022-02-18
210,Customer210,customer210@example.com,10010,2024-05-11
211,Customer211,customer211@example.com,10011,2024-06-03
212,Customer212,customer212@example.com,10012,2024-05-26
213,Customer213,customer213@example.com,10013,2023-08-04
214,Customer214,customer214@example.com,10014,2022-11-12
215,Customer215,customer215@example.com,10015,2022-02-23
216,Customer216,customer216@example.com,10016,2023-02-14
217,Customer217,customer217@example.com,10017,2024-06-05
218,Customer218,customer218@example.com,10018,2023-03-07
219,Customer219,customer219@example.com,10019,2023-02-22
220,Customer220,customer220@example.com,10020,2023-04-09
221,Customer221,customer221@example.com,10021,2022-01-17
222,Customer222,customer222@example.com,10022,2022-03-23
223,Customer223,customer223@example.com,10023,2022-02-11
224,Customer224,customer224@example.com,10024,2023-06-07
225,Customer225,customer225@example.com,10025,2022-06-30
226,Customer226,customer226@example.com,10026,2024-03-25
227,Customer227,customer227@example.com,10027,2023-01-27
228,Customer228,customer228@example.com,10028,2023-10-10
229,Customer229,customer229@example.com,10029,2023-04-14
230,Customer230,customer230@example.com,10030,2022-12-27
231,Customer231,customer231@example.com,10031,2022-02-26
232,Customer232,customer232@example.com,10032,2022-11-01
233,Customer233,customer233@example.com,10033,2022-10-19
234,Customer234,customer234@example.com,10034,2022-01-31
235,Customer235,customer235@example.com,10035,2024-06-05
236,Customer236,customer236@example.com,10036,2022-06-20
237,Customer237,customer237@example.com,10037,2022-11-15
238,Customer238,customer238@example.com,10038,2023-10-10
239,Customer239,customer239@example.com,10039,2022-04-16
240,Customer240,customer240@example.com,10040,2022-05-12
241,Customer241,customer241@example.com,10041,2023-04-17
242,Customer242,customer242@example.com,10042,2022-06-10
243,Customer243,customer243@example.com,10043,2024-04-11
244,Customer244,customer244@example.com,10044,2022-04-20
245,Customer245,customer245@example.com,10045,2023-05-23
246,Customer246,customer246@example.com,10046,2023-05-28
247,Customer247,customer247@example.com,10047,2023-12-22
248,Customer248,customer248@example.com,10048,2024-02-04
249,Customer249,customer249@example.com,10049,2022-08-16
250,Customer250,customer250@example.com,10050,2022-10-06
251,Customer251,customer251@example.com,10051,2023-08-23
252,Customer252,customer252@example.com,10052,2022-10-19
253,Customer253,customer253@example.com,10053,2022-12-02
254,Customer254,customer254@example.com,10054,2022-11-04
255,Customer255,customer255@example.com,10055,2022-10-07
256,Customer256,customer256@example.com,10056,2023-09-26
257,Customer257,customer257@example.com,10057,2022-12-06
258,Customer258,customer258@example.com,10058,2023-01-03
259,Customer259,customer259@example.com,10059,2023-09-09
260,Customer260,customer260@example.com,10060,2024-03-21
261,Customer261,customer261@example.com,10061,2022-09-09
262,Customer262,customer262@example.com,10062,2023-11-20
263,Customer263,customer263@example.com,10063,2023-03-05
264,Customer264,customer264@example.com,10064,2023-04-13
265,Customer265,customer265@example.com,10065,2023-01-23
266,Customer266,customer266@example.com,10066,2023-01-03
267,Customer267,customer267@example.com,10067,2023-04-02
268,Customer268,customer268@example.com,10068,2022-01-26
269,Customer269,customer269@example.com,10069,2024-01-27
270,Customer270,customer270@example.com,10070,2023-09-21
271,Customer271,customer271@example.com,10071,2023-09-18
272,Customer272,customer272@example.com,10072,2022-10-11
273,Customer273,customer273@example.com,10073,2022-08-17
274,Customer274,customer274@example.com,10074,2022-05-26
275,Customer275,customer275@example.com,10075,2022-10-20
276,Customer276,customer276@example.com,10076,2022-05-14
277,Customer277,customer277@example.com,10077,2022-02-17
278,Customer278,customer278@example.com,10078,2022-10-19
279,Customer279,customer279@example.com,10079,2022-11-27
280,Customer280,customer280@example.com,10080,2023-04-09
281,Customer281,customer281@example.com,10081,2022-05-18
282,Customer282,customer282@example.com,10082,2023-05-10
283,Customer283,customer283@example.com,10083,2023-01-10
284,Customer284,customer284@example.com,10084,2022-07-29
285,Customer285,customer285@example.com,10085,2023-01-06
286,Customer286,customer286@example.com,10086,2023-12-01
287,Customer287,customer287@example.com,10087,2023-07-17
288,Customer288,customer288@example.com,10088,2022-08-11
289,Customer289,customer289@example.com,10089,2024-05-16
290,Customer290,customer290@example.com,10090,2023-04-07
291,Customer291,customer291@example.com,10091,2022-04-15
292,Customer292,customer292@example.com,10092,2024-03-19
293,Customer293,customer293@example.com,10093,2023-02-03
294,Customer294,customer294@example.com,10094,2023-12-12
295,Customer295,customer295@example.com,10095,2024-03-14
296,Customer296,customer296@example.com,10096,2022-03-15
297,Customer297,customer297@example.com,10097,2022-10-15
298,Customer298,customer298@example.com,10098,2022-10-09
299,Customer299,customer299@example.com,10099,2023-07-04
300,Customer300,customer300@example.com,10000,2023-05-17
301,Customer301,customer301@example.com,10001,2022-09-22
302,Customer302,customer302@example.com,10002,2022-08-03
303,Customer303,customer303@example.com,10003,2024-06-18
304,Customer304,customer304@example.com,10004,2024-05-30
305,Customer305,customer305@example.com,10005,2023-07-28
306,Customer306,customer306@example.com,10006,2022-08-10
307,Customer307,customer307@example.com,10007,2023-02-23
308,Customer308,customer308@example.com,10008,2024-04-03
309,Customer309,customer309@example.com,10009,2023-06-07
310,Customer310,customer310@example.com,10010,2024-04-29
311,Customer311,customer311@example.com,10011,2023-07-07
312,Customer312,customer312@example.com,10012,2022-07-30
313,Customer313,customer313@example.com,10013,2023-11-23
314,Customer314,customer314@example.com,10014,2023-10-23
315,Customer315,customer315@example.com,10015,2023-04-16
316,Customer316,customer316@example.com,10016,2023-02-14
317,Customer317,customer317@example.com,10017,2024-03-19
318,Customer318,customer318@example.com,10018,2023-11-30
319,Customer319,customer319@example.com,10019,2022-05-18
320,Customer320,customer320@example.com,10020,2022-04-09
321,Customer321,customer321@example.com,10021,2024-02-12
322,Customer322,customer322@example.com,10022,2023-04-06
323,Customer323,customer323@example.com,10023,2024-06-04
324,Customer324,customer324@example.com,10024,2022-05-04
325,Customer325,customer325@example.com,10025,2022-09-28
326,Customer326,customer326@example.com,10026,2022-10-18
327,Customer327,customer327@example.com,10027,2022-02-13
328,Customer328,customer328@example.com,10028,2023-12-16
329,Customer329,customer329@example.com,10029,2023-02-18
330,Customer330,customer330@example.com,10030,2022-04-09
331,Customer331,customer331@example.com,10031,2024-05-30
332,Customer332,customer332@example.com,10032,2022-03-17
333,Customer333,customer333@example.com,10033,2024-06-15
334,Customer334,customer334@example.com,10034,2024-02-03
335,Customer335,customer335@example.com,10035,2023-03-18
336,Customer336,customer336@example.com,10036,2022-09-19
337,Customer337,customer337@example.com,10037,2023-03-16
338,Customer338,customer338@example.com,10038,2023-02-23
339,Customer339,customer339@example.com,10039,2024-03-10
340,Customer340,customer340@example.com,10040,2024-05-06
341,Customer341,customer341@example.com,10041,2024-04-12
342,Customer342,customer342@example.com,10042,2023-12-11
343,Customer343,customer343@example.com,10043,2023-01-04
344,Customer344,customer344@example.com,10044,2024-05-23
345,Customer345,customer345@example.com,10045,2023-03-27
346,Customer346,customer346@example.com,10046,2023-02-19
347,Customer347,customer347@example.com,10047,2022-09-20
348,Customer348,customer348@example.com,10048,2022-05-25
349,Customer349,customer349@example.com,10049,2022-10-25
350,Customer350,customer350@example.com,10050,2024-04-02
351,Customer351,customer351@example.com,10051,2022-07-05
352,Customer352,customer352@example.com,10052,2024-06-19
353,Customer353,customer353@example.com,10053,2024-04-12
354,Customer354,customer354@example.com,10054,2022-09-26
355,Customer355,customer355@example.com,10055,2022-08-16
356,Customer356,customer356@example.com,10056,2022-08-26
357,Customer357,customer357@example.com,10057,2022-02-07
358,Customer358,customer358@example.com,10058,2024-02-24
359,Customer359,customer359@example.com,10059,2024-06-05
360,Customer360,customer360@example.com,10060,2023-07-21
361,Customer361,customer361@example.com,10061,2023-12-14
362,Customer362,customer362@example.com,10062,2023-02-03
363,Customer363,customer363@example.com,10063,2024-01-06
364,Customer364,customer364@example.com,10064,2023-06-29
365,Customer365,customer365@example.com,10065,2023-03-09
366,Customer366,customer366@example.com,10066,2024-05-26
367,Customer367,customer367@example.com,10067,2022-10-04
368,Customer368,customer368@example.com,10068,2023-04-20
369,Customer369,customer369@example.com,10069,2023-02-18
370,Customer370,customer370@example.com,10070,2023-12-29
371,Customer371,customer371@example.com,10071,2022-03-10
372,Customer372,customer372@example.com,10072,2022-06-02
373,Customer373,customer373@example.com,10073,2023-04-25
374,Customer374,customer374@example.com,10074,2022-06-19
375,Customer375,customer375@example.com,10075,2023-05-04
376,Customer376,customer376@example.com,10076,2023-02-01
377,Customer377,customer377@example.com,10077,2022-05-17
378,Customer378,customer378@example.com,10078,2023-01-06
379,Customer379,customer379@example.com,10079,2024-04-17
380,Customer380,customer380@example.com,10080,2023-05-10
381,Customer381,customer381@example.com,10081,2022-02-27
382,Customer382,customer382@example.com,10082,2023-11-12
383,Customer383,customer383@example.com,10083,2023-03-29
384,Customer384,customer384@example.com,10084,2024-04-18
385,Customer385,customer385@example.com,10085,2024-01-30
386,Customer386,customer386@example.com,10086,2022-02-14
387,Customer387,customer387@example.com,10087,2023-08-22
388,Customer388,customer388@example.com,10088,2022-07-28
389,Customer389,customer389@example.com,10089,2023-05-01
390,Customer390,customer390@example.com,10090,2023-08-13
391,Customer391,customer391@example.com,10091,2023-02-18
392,Customer392,customer392@example.com,10092,2024-05-30
393,Customer393,customer393@example.com,10093,2023-10-22
394,Customer394,customer394@example.com,10094,2022-03-30
395,Customer395,customer395@example.com,10095,2023-08-16
396,Customer396,customer396@example.com,10096,2023-04-05
397,Customer397,customer397@example.com,10097,2022-04-10
398,Customer398,customer398@example.com,10098,2024-01-14
399,Customer399,customer399@example.com,10099,2022-11-02
400,Customer400,customer400@example.com,10000,2022-07-29
401,Customer401,customer401@example.com,10001,2023-05-18
402,Customer402,customer402@example.com,10002,2024-05-22
403,Customer403,customer403@example.com,10003,2024-03-13
404,Customer404,customer404@example.com,10004,2022-06-21
405,Customer405,customer405@example.com,10005,2022-01-29
406,Customer406,customer406@example.com,10006,2024-03-11
407,Customer407,customer407@example.com,10007,2024-02-17
408,Customer408,customer408@example.com,10008,2023-01-27
409,Customer409,customer409@example.com,10009,2022-12-25
410,Customer410,customer410@example.com,10010,2022-10-24
411,Customer411,customer411@example.com,10011,2022-12-09
412,Customer412,customer412@example.com,10012,2023-04-19
413,Customer413,customer413@example.com,10013,2022-02-21
414,Customer414,customer414@example.com,10014,2024-05-07
415,Customer415,customer415@example.com,10015,2022-09-01
416,Customer416,customer416@example.com,10016,2023-07-29
417,Customer417,customer417@example.com,10017,2024-02-08
418,Customer418,customer418@example.com,10018,2023-03-22
419,Customer419,customer419@example.com,10019,2022-12-24
420,Customer420,customer420@example.com,10020,2023-04-03
421,Customer421,customer421@example.com,10021,2022-01-22
422,Customer422,customer422@example.com,10022,2022-05-07
423,Customer423,customer423@example.com,10023,2022-05-31
424,Customer424,customer424@example.com,10024,2024-05-17
425,Customer425,customer425@example.com,10025,2023-09-26
426,Customer426,customer426@example.com,10026,2022-08-09
427,Customer427,customer427@example.com,10027,2023-11-12
428,Customer428,customer428@example.com,10028,2022-04-06
429,Customer429,customer429@example.com,10029,2024-06-01
430,Customer430,customer430@example.com,10030,2022-01-07
431,Customer431,customer431@example.com,10031,2022-03-01
432,Customer432,customer432@example.com,10032,2023-06-28
433,Customer433,customer433@example.com,10033,2024-06-17
434,Customer434,customer434@example.com,10034,2022-12-30
435,Customer435,customer435@example.com,10035,2022-02-18
436,Customer436,customer436@example.com,10036,2023-01-22
437,Customer437,customer437@example.com,10037,2023-09-19
438,Customer438,customer438@example.com,10038,2023-04-22
439,Customer439,customer439@example.com,10039,2024-01-16
440,Customer440,customer440@example.com,10040,2022-09-13
441,Customer441,customer441@example.com,10041,2023-08-20
442,Customer442,customer442@example.com,10042,2023-12-31
443,Customer443,customer443@example.com,10043,2023-03-27
444,Customer444,customer444@example.com,10044,2022-06-20
445,Customer445,customer445@example.com,10045,2023-05-07
446,Customer446,customer446@example.com,10046,2024-03-23
447,Customer447,customer447@example.com,10047,2022-09-25
448,Customer448,customer448@example.com,10048,2023-12-04
449,Customer449,customer449@example.com,10049,2022-03-30
450,Customer450,customer450@example.com,10050,2023-10-13
451,Customer451,customer451@example.com,10051,2024-05-15
452,Customer452,customer452@example.com,10052,2022-09-06
453,Customer453,customer453@example.com,10053,2022-06-14
454,Customer454,customer454@example.com,10054,2023-05-01
455,Customer455,customer455@example.com,10055,2024-02-16
456,Customer456,customer456@example.com,10056,2023-06-14
457,Customer457,customer457@example.com,10057,2023-09-14
458,Customer458,customer458@example.com,10058,2024-06-05
459,Customer459,customer459@example.com,10059,2024-05-01
460,Customer460,customer460@example.com,10060,2023-06-20
461,Customer461,customer461@example.com,10061,2023-10-05
462,Customer462,customer462@example.com,10062,2022-08-22
463,Customer463,customer463@example.com,10063,2022-03-29
464,Customer464,customer464@example.com,10064,2023-01-16
465,Customer465,customer465@example.com,10065,2023-02-10
466,Customer466,customer466@example.com,10066,2023-09-07
467,Customer467,customer467@example.com,10067,2022-08-02
468,Customer468,customer468@example.com,10068,2022-01-12
469,Customer469,customer469@example.com,10069,2022-05-10
470,Customer470,customer470@example.com,10070,2023-01-29
471,Customer471,customer471@example.com,10071,2022-10-30
472,Customer472,customer472@example.com,10072,2023-06-29
473,Customer473,customer473@example.com,10073,2024-03-27
474,Customer474,customer474@example.com,10074,2024-03-28
475,Customer475,customer475@example.com,10075,2023-08-03
476,Customer476,customer476@example.com,10076,2023-09-19
477,Customer477,customer477@example.com,10077,2023-02-08
478,Customer478,customer478@example.com,10078,2024-05-25
479,Customer479,customer479@example.com,10079,2024-06-12
480,Customer480,customer480@example.com,10080,2022-06-21
481,Customer481,customer481@example.com,10081,2022-07-25
482,Customer482,customer482@example.com,10082,2022-01-23
483,Customer483,customer483@example.com,10083,2023-03-16
484,Customer484,customer484@example.com,10084,2023-11-24
485,Customer485,customer485@example.com,10085,2023-11-01
486,Customer486,customer486@example.com,10086,2022-05-29
487,Customer487,customer487@example.com,10087,2024-01-15
488,Customer488,customer488@example.com,10088,2023-05-20
489,Customer489,customer489@example.com,10089,2023-01-02
490,Customer490,customer490@example.com,10090,2023-08-31
491,Customer491,customer491@example.com,10091,2023-10-30
492,Customer492,customer492@example.com,10092,2024-04-20
493,Customer493,customer493@example.com,10093,2023-01-08
494,Customer494,customer494@example.com,10094,2024-04-08
495,Customer495,customer495@example.com,10095,2023-01-19
496,Customer496,customer496@example.com,10096,2023-04-29
497,Customer497,customer497@example.com,10097,2022-08-20
498,Customer498,customer498@example.com,10098,2022-09-13
499,Customer499,customer499@example.com,10099,2022-02-06
500,Customer500,customer500@example.com,10000,2024-06-14
